TestId,Date,Time,Name,Segment,Position,Type,Excluded,Tags,System Weight,Jump Height,Jump Momentum,Countermovement Depth,Braking RFD,Stiffness,Force at Min Displacement,Relative Force at Min Displacement,Avg. Braking Force,Avg. Relative Braking Force,Peak Braking Force,Peak Relative Braking Force,Avg. Propulsive Force,Avg. Relative Propulsive Force,Peak Propulsive Force,Peak Relative Propulsive Force,Unweighting Phase,Unweighting Phase %,Braking Phase,Braking Phase %,Propulsive Phase,Propulsive Phase %,Flight Time,Time To Takeoff,Braking Net Impulse,Propulsive Net Impulse,Positive Impulse,Positive Net Impulse,Impulse Ratio,Avg. Braking Velocity,Peak Braking Velocity,Avg. Propulsive Velocity,Takeoff Velocity,Peak Velocity,Avg. Braking Power,Avg. Relative Braking Power,Peak Braking Power,Peak Relative Braking Power,Avg. Propulsive Power,Avg. Relative Propulsive Power,Peak Relative Propulsive Power,Peak Propulsive Power,L|R Peak Braking Force,Left Force at Peak Braking Force,Right Force at Peak Braking Force,L|R Avg. Braking Force,Left Avg. Braking Force,Right Avg. Braking Force,L|R Peak Propulsive Force,Left Force at Peak Propulsive Force,Right Force at Peak Propulsive Force,L|R Avg. Propulsive Force,Left Avg. Propulsive Force,Right Avg. Propulsive Force,L|R Avg. Braking RFD,Left Avg. Braking RFD,Right Avg. Braking RFD,L|R Braking Impulse Index,L|R Propulsive Impulse Index,Time to Stabilization,Landing Stiffness,Peak Landing Force,Avg. Landing Force,Relative Peak Landing Force,L|R Peak Landing Force,Left Force at Peak Landing Force,Right Force at Peak Landing Force,L|R Avg. Landing Force,Left Avg. Landing Force,Right Avg. Landing Force,L|R Landing Impulse Index,RSI,mRSI,Braking Impulse,Relative Braking Impulse,Relative Braking Net Impulse,Propulsive Impulse,Relative Propulsive Impulse,Relative Propulsive Net Impulse
NtkSUAOnV5KltZcNgkSO,2/13/2024,16:25:19,MSQ6,, ,Countermovement Jump,,,626.691,0.3505,167.5197,-0.1506,9125,-10972.7698,1653,263.7664,1103.625,176.1035,1646,262.6494,1593.3736,254.2519,2099,334.9338,0.223,43.8114,0.112,22.0039,0.174,34.1847,0.524,0.509,52.9026,169.0113,401.1475,221.9139,3.1948,-0.5807,-0.8421,1.6426,2.6223,2.7275,-566.1526,-8.8624,-718.8029,-11.2519,2296.2782,35.9451,62.5055,3993.0317,8.2625,891,755,8.1954,597.0357,506.5893,0.9052,1059,1040,0.2009,798.2874,795.0862,9.7847,5008.9286,4116.0714,15.1369,0.4775,N/A,-109965.5294,3790,731.7287,604.7638,4.4327,1979,1811,11.3098,407.2427,324.486,N/A,1.0295,0.6886,123.092,1.9268,0.8281,278.0555,4.3526,2.6456
Dquuc0HixmASd9iXjWGX,2/13/2024,16:25:14,MSQ6,, ,Countermovement Jump,,,622.062,0.3744,171.8695,-0.0255,10033.3333,-47781.1832,1220,196.1219,902.0333,145.007,1220,196.1219,1537.1223,247.1011,2108,338.873,0.122,32.973,0.06,16.2162,0.188,50.8108,0.497,0.37,16.4933,172.6253,343.39,189.1186,10.4664,-0.1787,-0.2628,1.6252,2.7104,2.834,-147.6602,-2.3286,-188.1814,-2.9676,2254.1913,35.5489,66.308,4204.6546,11.1475,678,542,11.5849,503.2667,398.7667,0.8539,1063,1045,0.1568,769.766,767.3564,10.299,5533.3333,4500,20.7743,0.3702,N/A,6102.4518,3564,741.7004,572.9332,-8.9787,1622,1942,-1.0921,366.8003,374.9001,N/A,1.3432,1.012,53.817,0.8487,0.2601,289.573,4.5666,2.7223
WY1Y9WP0UndnS7URH4yR,2/6/2024,16:31:01,MSQ6,, ,Countermovement Jump,,,628.466,0.296,154.3939,-0.1049,20180.5556,-20070.6813,2105,334.9425,1303.4583,207.4032,2082,331.2828,1751.1739,278.6426,2525,401.7719,0.271,56.341,0.072,14.9688,0.138,28.6902,0.497,0.481,47.8664,155.9617,335.806,203.8281,3.2583,-0.5221,-0.7623,1.6465,2.41,2.5278,-586.6356,-9.1571,-749.5093,-11.6994,2388.2602,37.2794,62.5308,4005.9643,5.9558,1103,979,8.9005,709.7361,593.7222,-0.2772,1259,1266,-2.8668,850.4855,900.6884,2.4088,10333.3333,9847.2222,16.4316,-5.4924,900,-23018.3384,3523,802.0789,560.5713,-0.4258,1754,1769,2.5222,411.1544,390.9244,4.9234,1.0333,0.6154,93.116,1.4535,0.7472,242.69,3.7883,2.4345
jhmQ5hT7zP0FNffmBL41,2/6/2024,16:30:54,MSQ6,, ,Countermovement Jump,,,629.688,0.315,159.5817,-0.121,12701.1494,-14392.1704,1742,276.6449,1234.3908,196.0321,1742,276.6449,1615.4568,256.5488,2224,353.1908,0.253,50.3984,0.087,17.3307,0.162,32.2709,0.505,0.502,52.0491,160.553,369.3945,212.6022,3.0846,-0.5281,-0.8165,1.647,2.4861,2.6168,-578.5448,-9.0132,-784.1455,-12.2163,2266.3084,35.3071,60.1201,3859.0116,8.1515,942,800,6.9018,659.7931,574.5977,1.4388,1128,1096,-0.914,800.3457,815.1111,9.8643,6977.0115,5724.1379,12.884,-1.7431,600,-65513.0191,4239,892.1217,673.1905,8.0444,2290,1949,7.4809,479.43,412.6917,13.912,1.006,0.6276,106.832,1.6644,0.8109,262.5625,4.0905,2.5013
IBPP1bdImjtzAfFYsrND,2/6/2024,16:30:48,MSQ6,, ,Countermovement Jump,,,628.979,0.3208,160.8588,-0.136,11391.7526,-12742.4645,1733,275.5259,1195.9485,190.1412,1733,275.5259,1605.0667,255.1861,2141,340.3929,0.228,46.5306,0.097,19.7959,0.165,33.6735,0.506,0.49,54.4385,161.905,381.136,216.3435,2.9741,-0.5743,-0.8561,1.6196,2.5089,2.6359,-603.3961,-9.411,-793.586,-12.3773,2246.2619,35.0343,62.1739,3986.3463,5.3664,913,820,6.6298,637.6186,558.3299,-1.2611,1057,1084,-2.773,780.2788,824.7879,0.2715,5711.3402,5680.4124,12.4891,-5.3351,N/A,-66335.8949,4026,760.5094,640.085,-0.6955,1999,2027,-15.4889,321.3575,439.1519,N/A,1.0327,0.6547,115.4495,1.8006,0.8491,265.6865,4.1438,2.5252
SOJlgPcXpzB8x3jD57dQ,2/13/2024,16:25:48,MSQ9,, ,Countermovement Jump,,,756.011,0.3563,203.7452,-0.2528,7940,-7709.9452,1949,257.8005,1278.8,169.151,1949,257.8005,1722.7441,227.8729,2113,279.4933,0.324,47.2993,0.15,21.8978,0.211,30.8029,0.543,0.685,77.8199,204.9377,555.6775,282.7575,2.6335,-0.7102,-1.0158,1.6844,2.6438,2.7693,-802.0289,-10.4071,-1008.6293,-13.088,2554.4861,33.147,56.8715,4382.8236,-5.9005,917,1032,-11.1167,568.32,710.48,-2.1297,1034,1079,-1.1953,851.0758,871.6682,-3.4425,3833.3333,4106.6667,-20.0471,-2.3916,N/A,-11.3676,5657,778.0874,748.2695,3.341,2923,2734,25.7414,489.1892,288.8983,N/A,0.7927,0.5201,191.2215,2.4813,1.0098,364.456,4.7292,2.6593
iLnGg9WHvDIfAvo6KZHp,2/13/2024,16:25:41,MSQ9,, ,Countermovement Jump,,,755.014,0.349,201.3918,-0.2127,12301.7241,-10242.2696,2179,288.6039,1446.8793,191.6361,2179,288.6039,1819.2804,240.9598,2354,311.7823,0.291,48.8255,0.116,19.4631,0.189,31.7114,0.539,0.596,79.5384,202.2189,512.0365,281.7572,2.5424,-0.6996,-1.0348,1.7232,2.6167,2.7411,-883.4152,-11.4783,-1167.4042,-15.1682,2700.2227,35.0844,58.1348,4474.2716,-4.6352,1039,1140,-12.4358,633.4741,813.4052,-2.8887,1143,1211,-3.7366,875.6508,943.6296,5.6762,6500,5801.7241,-22.243,-7.2026,N/A,-18764.1136,5851,887.2113,774.9525,-2.5466,2851,3000,15.0326,510.2912,376.9201,N/A,0.9044,0.5856,167.12,2.1714,1.0335,344.9165,4.4815,2.6275
QUz9pA6I0JiFtRZJFt6f,2/13/2024,16:25:35,MSQ9,, ,Countermovement Jump,,,756.575,0.3332,197.1975,-0.2355,10206.1069,-8907.6844,2098,277.3023,1362.5344,180.0924,2091,276.3771,1752.4975,231.6357,2218,293.1633,0.328,49.848,0.131,19.9088,0.199,30.2432,0.527,0.658,78.7097,199.2171,527.5965,277.9267,2.531,-0.7236,-1.0374,1.671,2.5569,2.6917,-864.2296,-11.2059,-1106.8179,-14.3514,2535.8518,32.8807,55.9352,4313.8776,0.3348,1049,1042,0.9984,688.0687,674.4656,0.0902,1110,1108,-0.9202,868.1859,884.3116,-2.3186,4984.7328,5221.374,2.002,-1.8118,660,-16528.6186,5786,1062.503,764.7623,6.9824,3095,2691,5.9688,562.9606,499.5424,11.2724,0.8009,0.5064,177.821,2.3057,1.0206,349.7755,4.5353,2.5831
CJKUD6qUuC5qmxhhu6wn,2/6/2024,16:31:25,MSQ9,, ,Countermovement Jump,,,760.052,0.3299,197.1159,-0.2081,9115.7025,-9000.1343,1873,246.4305,1376.9669,181.1675,1866,245.5095,1801.0737,236.9672,2291,301.4267,0.345,52.5915,0.121,18.4451,0.19,28.9634,0.521,0.656,74.0902,198.7126,509.179,272.8028,2.682,-0.6335,-0.9674,1.5937,2.5442,2.6573,-781.1148,-10.0819,-1040.4065,-13.4285,2535.9788,32.7319,56.6419,4388.4619,-3.8585,897,969,-6.9076,640.9256,736.0413,-1.5277,1128,1163,-3.8498,865.8684,935.2053,2.0852,4652.8926,4462.8099,-12.9752,-7.4087,N/A,-14431.7395,4437,896.1391,583.7758,-8.677,2026,2411,4.8801,469.9359,426.2032,N/A,0.7942,0.5029,166.0565,2.1433,0.9563,343.1225,4.4287,2.5648
nnl3CSHDSBC8yAFC6NHc,2/6/2024,16:31:19,MSQ9,, ,Countermovement Jump,,,759.682,0.3174,193.2398,-0.2137,10290.3226,-9529.2674,2036,268.0069,1364.129,179.5658,2036,268.0069,1792.123,235.9044,2322,305.6542,0.386,55.3802,0.124,17.7905,0.187,26.8293,0.501,0.697,74.3094,194.066,504.6365,268.3754,2.6116,-0.6516,-0.9609,1.6384,2.4954,2.6252,-783.2893,-10.1148,-1004.6945,-12.9739,2538.878,32.7853,55.8829,4327.5459,-8.1532,935,1101,-13.1408,592.4355,771.6935,-2.8424,1128,1194,-2.9275,869.8289,922.2941,0.9404,5193.5484,5096.7742,-23.312,-5.7201,700,-23517.5757,5768,1025.63,759.2651,6.7961,3080,2688,18.2197,606.2486,419.3814,30.8324,0.7188,0.4553,168.51,2.176,0.9596,336.1265,4.3405,2.506
UJtd8oOimv0jIFuylpdN,2/6/2024,16:31:12,MSQ9,, ,Countermovement Jump,,,760.275,0.3208,194.4412,-0.2781,8317.5676,-7152.9298,1989,261.6159,1313.3041,172.7407,1989,261.6159,1763.2577,231.9237,2241,294.7618,0.297,46.4789,0.148,23.1612,0.194,30.3599,0.522,0.639,81.2303,195.5572,536.8015,276.7875,2.4074,-0.7298,-1.0531,1.632,2.5089,2.6384,-845.2162,-10.906,-1077.2111,-13.8995,2502.8416,32.2947,55.1404,4273.3798,-0.0503,994,995,-4.4045,627.7297,685.5743,-1.0263,1109,1132,-3.3104,852.4433,910.8144,3.4931,4304.0541,4013.5135,-8.4821,-6.3858,N/A,-8921.5101,4838,882.6838,636.3487,-0.4547,2408,2430,-4.6671,420.7439,461.9399,N/A,0.8169,0.5021,193.751,2.5,1.0481,343.0505,4.4265,2.5233
95A7eNR1iZtFdKCZNLmV,2/13/2024,16:26:48,MSQ12,, ,Countermovement Jump,,,691.391,0.3648,188.5397,-0.2039,4727.8912,-6787.9243,1384,200.1762,1103.1905,159.561,1384,200.1762,1611.639,233.101,2143,309.9549,0.346,49.5702,0.147,21.0602,0.205,29.3696,0.548,0.698,60.184,189.3268,492.8805,249.5109,3.1458,-0.5467,-0.8557,1.5804,2.6751,2.7903,-553.5344,-7.854,-752.5773,-10.6782,2327.2285,33.0206,61.6855,4347.482,-19.6532,556,828,-17.1099,457.2177,645.9728,-6.2996,1004,1139,-8.1353,740.2634,871.3756,-41.295,1387.7551,3340.1361,-29.145,-15.0962,500,-16804.587,5788,1073.432,837.1529,13.2688,3278,2510,31.1096,703.686,369.746,47.4681,0.7851,0.5226,161.8185,2.296,0.8539,331.062,4.6974,2.6863
NFb0axM1RCNqkowXMaSk,2/13/2024,16:26:41,MSQ12,, ,Countermovement Jump,,,690.648,0.3723,190.2778,-0.2059,5775.5102,-7512.3259,1547,223.9925,1116.9388,161.7233,1539,222.8342,1668.2256,241.545,2159,312.605,0.306,47.2222,0.147,22.6852,0.195,30.0926,0.544,0.648,62.2357,191.3791,489.8165,253.6149,3.0751,-0.578,-0.8903,1.6149,2.7027,2.8069,-589.0187,-8.3665,-785.2454,-11.1537,2438.5736,34.6376,63.3088,4457.0938,-10.0715,692,847,-10.6767,498.8435,618.0952,-3.1959,1045,1114,-4.5643,796.041,872.1846,-16.1366,2421.7687,3353.7415,-19.2703,-8.7343,N/A,-22882.4563,4558,830.6547,659.9599,6.0992,2418,2140,-0.4494,413.4607,417.194,N/A,0.8395,0.5745,163.761,2.3261,0.884,326.0555,4.6313,2.7184
qD72G6Z0YO9A2hWNoQTL,2/13/2024,16:26:35,MSQ12,, ,Countermovement Jump,,,691.537,0.3205,176.7665,-0.1758,5850,-8610.8913,1514,218.9326,1115.6929,161.3352,1514,218.9326,1658.5683,239.838,2324,336.063,0.29,47.3083,0.14,22.8385,0.183,29.8532,0.513,0.613,58.9678,177.7112,460.0455,236.679,3.0137,-0.5641,-0.8404,1.5861,2.5076,2.6643,-567.9143,-8.0563,-738.3093,-10.4735,2312.513,32.8048,62.614,4413.8544,-21.5324,594,920,-9.6077,504.25,611.4429,-5.4217,1099,1225,-10.0706,745.7705,912.7978,-53.602,1357.1429,4492.8571,-17.3373,-18.3448,500,-28213.0987,4860,1048.52,702.7824,6.2551,2582,2278,8.3874,568.232,480.288,15.487,0.8369,0.5228,155.783,2.2099,0.8365,304.2625,4.3162,2.521
MS9Si6Ls499daSmBfcwM,2/13/2024,16:26:22,MSQ8,, ,Countermovement Jump,,,708.995,0.3312,184.2256,-0.2316,3323.6715,-6032.347,1397,197.0395,980.1546,138.2456,1397,197.0395,1510.9478,213.1112,1871,263.8947,0.388,47.0303,0.207,25.0909,0.23,27.8788,0.507,0.825,55.785,185.1347,550.7505,240.9197,3.3187,-0.5433,-0.7749,1.5305,2.549,2.6705,-490.0049,-6.7799,-608.5248,-8.4198,2109.8098,29.1924,52.1266,3767.3272,15.1038,804,593,7.8042,528.3237,451.8309,7.2154,1003,868,9.0039,823.4957,687.4522,28.4884,2135.2657,1188.4058,14.418,16.524,N/A,-65340.1158,4684,869.9882,660.6535,-3.4586,2261,2423,9.3594,475.7071,394.2812,N/A,0.6145,0.4014,202.547,2.8025,0.7719,348.2035,4.8179,2.5616
UUA185cyxa9nYa7qwOR4,2/13/2024,16:26:15,MSQ8,, ,Countermovement Jump,,,712.206,0.3139,180.1673,-0.1797,7372.2628,-9624.8622,1730,242.9072,1163.2993,163.3375,1723,241.9244,1674.883,235.1683,2181,306.2316,0.266,45.0085,0.137,23.181,0.188,31.8105,0.496,0.591,61.2918,181.8298,474.5885,243.1216,2.9666,-0.5868,-0.8577,1.5643,2.4816,2.5915,-612.8654,-8.4417,-758.4865,-10.4475,2307.7718,31.7875,53.3958,3876.534,13.1747,975,748,15.8033,673.5693,489.7299,9.7662,1197,984,6.1611,889.0372,785.8457,12.8713,4160.5839,3211.6788,27.3067,11.65,N/A,-41505.8023,3798,859.7787,533.2727,-9.0574,1727,2071,6.8969,459.5384,400.2403,N/A,0.8393,0.5311,158.864,2.1882,0.8442,315.7245,4.3488,2.5045
Oq22ZSBSG4KMint5f5TV,2/13/2024,16:26:09,MSQ8,, ,Countermovement Jump,,,712.461,0.3285,184.3745,-0.2083,5450.9804,-7469.6744,1556,218.3979,1052.1111,147.6728,1547,217.1347,1633.4279,229.2656,2076,291.3844,0.428,54.7315,0.153,19.5652,0.201,25.7033,0.509,0.782,51.5485,185.8713,489.631,237.4198,3.6058,-0.5059,-0.7209,1.5602,2.5387,2.6455,-483.7561,-6.6609,-596.742,-8.2166,2280.3145,31.398,53.4328,3880.611,14.415,885,662,17.7552,619.4575,432.6536,4.817,1088,988,6.07,866.2886,767.1393,14.3885,3117.6471,2333.3333,30.1688,11.4637,N/A,-36334.7296,5656,876.0144,793.868,-1.1315,2796,2860,10.0105,481.8539,394.1605,N/A,0.6509,0.4201,160.555,2.2107,0.7098,329.076,4.5311,2.5593
9pU6XsS06V9rnK0qSkA4,2/6/2024,16:32:00,MSQ8,, ,Countermovement Jump,,,719.275,0.2914,175.3154,-0.1891,6272.7273,-8960.0175,1694,235.5149,1096.3961,152.4307,1685,234.2637,1622.3385,225.5519,2082,289.4581,0.346,49.7842,0.154,22.1583,0.195,28.0576,0.476,0.695,57.5922,176.9209,485.54,234.513,3.072,-0.5767,-0.7979,1.5209,2.3911,2.5093,-566.3555,-7.7244,-693.7218,-9.4615,2173.1412,29.6389,49.2552,3611.4236,17.6261,991,694,8.7068,595.9286,500.4675,11.4313,1160,922,9.9597,891.959,730.3795,46.1698,4584.4156,1688.3117,15.8354,18.1399,N/A,-16537.3809,3308,784.3364,459.9075,16.8077,1932,1376,-36.7116,248.1968,536.1395,N/A,0.6849,0.4193,168.3605,2.2962,0.7855,317.1795,4.3259,2.413
wU56GkIfATMqvXdMgH1H,2/6/2024,16:31:51,MSQ8,, ,Countermovement Jump,,,720.66,0.2919,175.798,-0.1766,6851.3514,-9816.9438,1734,240.6128,1089,151.1115,1734,240.6128,1703.3743,236.3631,2225,308.7448,0.343,51.194,0.148,22.0896,0.179,26.7164,0.483,0.67,54.0053,176.7559,466.417,230.7612,3.2729,-0.5151,-0.7388,1.5422,2.3931,2.5024,-506.6508,-6.8968,-616.1783,-8.3877,2291.1935,31.1889,51.2648,3765.9999,10.2653,956,778,3.7054,564.6757,524.3243,8.6742,1209,1016,6.8933,910.3966,792.9777,22.8797,4209.4595,2641.8919,7.0323,12.907,N/A,-32819.7491,4722,855.4659,655.2327,-2.4142,2304,2418,-24.1762,324.3233,531.1426,N/A,0.7209,0.4356,160.663,2.187,0.7351,305.754,4.1621,2.4061
HWkmutb3bS5Kz3agAbT9,2/6/2024,16:31:44,MSQ8,, ,Countermovement Jump,,,719.392,0.2996,177.8028,-0.1818,7688.8889,-9787.5841,1779,247.2922,1114.4593,154.9168,1761,244.79,1721.9663,239.3641,2279,316.7953,0.407,56.5278,0.135,18.75,0.178,24.7222,0.49,0.72,52.8111,179.3207,457.3015,232.1318,3.3955,-0.5056,-0.7314,1.5666,2.4246,2.5369,-509.0522,-6.9417,-625.3525,-8.5276,2342.7414,31.9468,52.3645,3840.0236,10.7325,975,786,5.978,590.5407,523.9185,6.6257,1215,1064,5.5776,909.0056,812.9607,19.4605,4592.5926,3096.2963,11.1987,10.5825,N/A,-31497.8152,5177,826.2931,719.6355,8.5957,2811,2366,9.6099,452.8494,373.4438,N/A,0.6806,0.4162,149.929,2.0445,0.7202,307.3725,4.1915,2.4453
pkQZLpY5K4RuhrJGrdqs,2/13/2024,16:30:27,MSQ3,, ,Countermovement Jump,,,754.016,0.365,205.6778,-0.2054,11921.0526,-10317.9742,2119,281.0285,1559.7105,206.8538,2109,279.7023,1863.8333,247.1875,2325,308.3489,0.238,44.2379,0.114,21.1896,0.186,34.5725,0.529,0.538,91.1602,207.462,524.827,298.6222,2.2758,-0.7617,-1.2,1.6788,2.6759,2.7632,-1059.7384,-13.7876,-1444.4737,-18.7931,2750.6652,35.7871,58.1064,4466.1734,-3.8407,1014,1095,4.0758,811.6404,748.0702,-6.7527,1084,1241,-6.149,874.6129,989.2204,-15.0846,5061.4035,6859.6491,7.9668,-11.5684,1060,-1235725.824,6277,939.9009,832.4757,4.0943,3267,3010,2.1764,480.1783,459.7226,4.2542,0.9833,0.6784,177.118,2.3044,1.186,347.709,4.5238,2.6992
IguuAem0r7wj79VbK3tK,2/13/2024,16:30:21,MSQ3,, ,Countermovement Jump,,,754.427,0.3455,200.2333,-0.2011,11158.3333,-10485.0371,2109,279.5499,1474.5417,195.4519,2096,277.8267,1860.0495,246.5513,2326,308.3135,0.251,45.3888,0.12,21.6998,0.182,32.9114,0.517,0.553,85.7353,202.2498,515.822,287.985,2.359,-0.7207,-1.1317,1.6384,2.6037,2.6898,-954.1127,-12.4066,-1293.087,-16.8143,2673.5599,34.765,56.3031,4329.9286,-3.2443,1014,1082,5.2135,775.7083,698.8333,-5.0731,1104,1222,-3.9438,893.3462,966.7033,-19.1934,4508.3333,6650,10.0771,-7.5933,N/A,-80203.1027,4895,890.0549,648.8368,8.1512,2647,2248,20.5059,536.2844,353.7705,N/A,0.9349,0.6248,176.2665,2.292,1.1148,339.5555,4.4153,2.6299
MydkfiVJSbCqzl4EyH3O,2/13/2024,16:30:13,MSQ3,, ,Countermovement Jump,,,755.609,0.3031,187.8404,-0.1744,14545.4545,-13486.9221,2352,311.2721,1478.5091,195.6712,2352,311.2721,1975.1688,261.4009,2631,348.196,0.226,46.1224,0.11,22.449,0.154,31.4286,0.496,0.49,78.711,188.9667,467.1585,267.6777,2.4008,-0.6861,-1.0273,1.5983,2.4387,2.5258,-887.8761,-11.5272,-1129.0261,-14.658,2700.8427,35.0648,55.5669,4280.0025,-0.2551,1173,1179,6.0208,783.7636,694.7455,-4.0669,1262,1369,-3.1469,956.5065,1018.6623,-6.875,6772.7273,7772.7273,11.4706,-6.0827,N/A,-27688.6424,5912,899.4737,782.4152,-8.4912,2705,3207,12.1829,504.5279,394.9458,N/A,1.0122,0.6186,161.828,2.101,1.0219,305.3305,3.9641,2.4533
4j0wrcdW0u2s8iAnllV6,2/6/2024,16:32:29,MSQ3,, ,Countermovement Jump,,,755.2,0.3107,190.0667,-0.1792,13740.3846,-12185.5877,2184,289.1949,1562.8173,206.9409,2184,289.1949,1854.185,245.5224,2374,314.3538,0.212,43.3538,0.104,21.2679,0.173,35.3783,0.486,0.489,83.2697,191.1954,483.6555,274.4651,2.2961,-0.7075,-1.087,1.5888,2.469,2.5609,-971.6379,-12.6215,-1304.1561,-16.9409,2561.3294,33.2715,53.2123,4096.4284,-3.2051,1057,1127,1.9485,796.6346,766.1827,-5.813,1118,1256,-5.5123,875.9884,978.1965,-17.0049,5701.9231,8038.4615,3.9837,-10.4358,N/A,-41155.1974,4556,890.9116,603.2839,5.8824,2412,2144,-13.1069,387.0702,503.8414,N/A,0.9939,0.6354,161.8105,2.1019,1.0817,321.845,4.1807,2.4836
LoqrWwSHL6YvTiU9OL4V,2/6/2024,16:32:23,MSQ3,, ,Countermovement Jump,,,756.215,0.3033,188.0356,-0.1671,12043.8596,-12784.8025,2136,282.4594,1427.4737,188.7656,2123,280.7403,1848.4566,244.4353,2392,316.3122,0.193,40.2083,0.114,23.75,0.173,36.0417,0.482,0.48,75.8315,190.0063,482.8715,265.8378,2.5056,-0.6694,-0.9999,1.5821,2.4393,2.5442,-844.1822,-10.9512,-1083.8421,-14.0601,2527.3202,32.7857,53.4219,4118.0898,0.6123,1068,1055,2.1176,728.8509,698.6228,-2.6756,1164,1228,-3.1668,894.9595,953.4971,-1.6752,5921.0526,6122.807,4.1789,-6.1154,N/A,-43876.7064,3922,884.7315,518.6356,21.9786,2392,1530,29.4137,572.4817,312.2498,N/A,1.0042,0.6318,162.04,2.1021,0.9837,320.8315,4.162,2.4649
cMinRy3dxQ61yPbo0S7T,2/6/2024,16:32:17,MSQ3,, ,Countermovement Jump,,,757.036,0.2698,177.5445,-0.128,19120.4819,-18460.2967,2363,312.1384,1587.8313,209.7432,2346,309.8928,1989.131,262.7525,2723,359.6923,0.221,49.2205,0.083,18.4855,0.145,32.294,0.454,0.449,68.1525,179.8128,420.5695,247.9653,2.6384,-0.6031,-0.9031,1.5255,2.3007,2.3999,-835.7487,-10.83,-1110.9908,-14.3967,2569.2527,33.2935,53.6621,4141.0952,3.0691,1209,1137,9.2814,867.6024,720.2289,-4.8843,1295,1428,-5.9787,935.1034,1054.0276,-5.104,9072.2892,10048.1928,17.1333,-11.2094,N/A,-53818.3795,4711,900.0398,622.2954,-3.1628,2281,2430,-1.0459,445.3131,454.7266,N/A,1.0111,0.6009,130.9865,1.6974,0.8831,289.583,3.7525,2.3301
gQIrIQQipgjQtS0Gt62o,2/13/2024,16:27:26,MSQ7,, ,Countermovement Jump,,,783.752,0.3826,218.9052,-0.2771,7509.5541,-7095.5542,1966,250.8447,1426.5924,182.0209,1964,250.5895,1777.7738,226.8286,2023,258.1174,0.288,43.2432,0.157,23.5736,0.221,33.1832,0.548,0.666,100.3314,220.6428,617.2325,320.9742,2.1991,-0.8572,-1.2681,1.6176,2.74,2.8247,-1081.0406,-13.5311,-1469.4391,-18.3926,2629.516,32.9129,57.2279,4572.1184,-1.0183,972,992,-4.1464,683.7197,742.8726,1.6312,1028,995,-0.1252,887.7738,890,0.933,3789.8089,3719.7452,-7.9893,-0.2288,N/A,-11305.0636,3976,993.5659,507.3033,12.5755,2238,1738,22.475,608.435,385.1309,N/A,0.8228,0.5745,223.3805,2.796,1.2558,393.852,4.9297,2.7617
sp3tV7I9XUT5SMXTMkyE,2/13/2024,16:27:20,MSQ7,, ,Countermovement Jump,,,787.376,0.3652,214.8568,-0.2496,10882.3529,-8338.6254,2081,264.2956,1596.1008,202.7114,2078,263.9146,1866,236.9897,2177,276.488,0.332,50.9985,0.119,18.2796,0.2,30.722,0.539,0.651,95.5858,216.7418,563.5005,312.3276,2.2675,-0.7818,-1.2051,1.6004,2.6769,2.7543,-1105.2224,-13.7701,-1563.7497,-19.4829,2703.1775,33.6792,57.2334,4593.7002,8.7584,1130,948,8.3934,865.0336,731.0672,6.3849,1158,1019,4.4598,974.61,891.39,16.4479,6336.1345,4546.2185,15.4385,8.5592,N/A,-11797.9932,4194,955.7846,532.6553,40.2957,2942,1252,20.6619,576.6339,379.1507,N/A,0.828,0.561,189.2835,2.3583,1.1909,374.217,4.6624,2.7004
K57qkA7uZnRShjiHpOYk,2/13/2024,16:27:14,MSQ7,, ,Countermovement Jump,,,788.069,0.3951,223.6604,-0.2833,8069.4444,-6885.5594,1951,247.5672,1516.75,192.4641,1951,247.5672,1794.0404,227.6502,2020,256.3227,0.395,51.8373,0.144,18.8976,0.223,29.2651,0.563,0.762,104.3436,225.2881,618.853,329.6317,2.1591,-0.8393,-1.3096,1.619,2.7842,2.8575,-1139.8574,-14.1891,-1560.1651,-19.4212,2677.0313,33.3241,58.1529,4671.6139,3.6392,1011,940,2.205,775.0972,741.6528,3.5644,1046,974,1.8879,913.9552,880.0852,6.8847,4312.5,3756.9444,4.2906,3.7239,N/A,-11323.7493,4458,940.6162,565.6865,58.367,3530,928,6.6951,501.7956,438.8207,N/A,0.7388,0.5185,217.8255,2.7115,1.2989,401.0275,4.992,2.8044
M2UGxvISTSXDvu41utIt,2/6/2024,16:32:54,MSQ7,, ,Countermovement Jump,,,781.947,0.3825,218.3701,-0.2576,11939.6552,-8405.3421,2165,276.873,1650.4224,211.0658,2163,276.6172,1854.6961,237.1895,2217,283.5231,0.378,54.1547,0.116,16.6189,0.204,29.2264,0.55,0.698,100.0431,219.9023,570.1685,319.9455,2.1981,-0.8122,-1.2651,1.685,2.7396,2.841,-1184.9597,-14.866,-1645.1865,-20.6399,2788.972,34.9893,59.1201,4712.4158,7.4434,1162,1001,6.4357,878.319,772.1034,5.9089,1174,1043,0.74,934.2108,920.4853,11.6245,6663.7931,5275.8621,12.0607,1.5173,750,-12749.3856,3464,1065.9053,442.9968,-12.2402,1520,1944,-6.9316,496.0107,569.8947,-12.9785,0.788,0.548,190.749,2.3931,1.2551,379.4195,4.76,2.7588
wEQHAdkCyeIiVBou5cVv,2/6/2024,16:32:48,MSQ7,, ,Countermovement Jump,,,781.198,0.3901,220.2979,-0.2806,6609.4675,-6771.697,1900,243.2162,1352.7396,173.1622,1900,243.2162,1739.5304,222.6747,1985,254.0969,0.306,43.4043,0.169,23.9716,0.23,32.6241,0.559,0.705,96.028,221.3465,629.0725,317.3745,2.305,-0.7969,-1.2097,1.657,2.7664,2.8785,-967.3112,-12.1471,-1228.9206,-15.4323,2623.8691,32.9496,59.0538,4702.6227,3.8947,987,913,1.157,684.1953,668.5444,3.6776,1029,956,-0.2344,867.7261,871.8043,12.265,3710.0592,2899.4083,2.2326,-0.4399,N/A,-13108.2689,4679,962.0886,598.9519,14.1697,2671,2008,-17.6815,395.9886,566.1,N/A,0.7929,0.5533,228.0505,2.8638,1.2059,401.022,5.0359,2.7796
che7BjmaNCxKNSVxdDZQ,2/6/2024,16:32:42,MSQ7,, ,Countermovement Jump,,,784.487,0.4021,224.602,-0.2945,7037.9747,-6455.4481,1901,242.324,1417.4114,180.68,1901,242.324,1769.5702,225.5704,1978,252.1393,0.342,46.978,0.158,21.7033,0.228,31.3187,0.562,0.728,99.4406,225.5355,627.788,324.976,2.268,-0.818,-1.2456,1.6175,2.8086,2.8865,-1034.3584,-12.9346,-1381.7424,-17.2787,2657.1051,33.2271,59.2896,4741.2724,4.5765,994,907,3.1994,731.3797,686.0316,3.7412,1026,952,3.5567,916.2544,853.3158,10.6115,3892.4051,3145.5696,6.1654,6.8738,N/A,-9145.2785,3856,933.2292,491.5314,31.8983,2543,1313,9.3738,510.3539,422.8753,N/A,0.772,0.5523,223.3895,2.7935,1.2435,404.3985,5.057,2.8203
Bf0bJcT7pHD8QTWtDqyF,2/13/2024,16:27:53,MSQ13,, ,Countermovement Jump,,,916.915,0.3565,247.1994,-0.1644,14975.2066,-16621.2646,2732,297.9556,1658.3058,180.8571,2732,297.9556,2500.9872,272.7611,3232,352.4863,0.193,41.0638,0.121,25.7447,0.156,33.1915,0.532,0.47,88.7988,248.4683,591.2525,337.267,2.7981,-0.6563,-0.954,1.6827,2.6448,2.7339,-953.2672,-10.1989,-1188.2049,-12.7125,3646.0834,39.0092,65.0801,6082.8683,5.4173,1440,1292,-2.0647,812.0331,846.2727,1.2995,1637,1595,-0.5572,1243.5256,1257.4615,21.9647,9132.2314,5842.9752,-4.2536,-1.0478,N/A,-23609.0417,5422,1052.5578,591.3307,-0.4795,2698,2724,-20.1327,420.3246,632.2332,N/A,1.1319,0.7585,199.7455,2.1371,0.9501,391.507,4.1887,2.6583
1FcBmwVdSBrpaOU1hFF2,2/13/2024,16:27:46,MSQ13,, ,Countermovement Jump,,,915.526,0.388,257.4962,-0.1957,12092.3077,-12713.0654,2488,271.7563,1657.3231,181.0241,2488,271.7563,2387.4914,260.7781,2997,327.3528,0.23,42.9907,0.13,24.2991,0.175,32.7103,0.547,0.535,95.6426,258.817,633.695,354.4596,2.7061,-0.6892,-1.0295,1.7067,2.7591,2.8424,-1011.4621,-10.838,-1295.97,-13.8865,3599.5592,38.5698,65.0573,6071.5238,-3.7781,1197,1291,-4.5133,791.2615,866.0615,-3.37,1448,1549,-2.1419,1168.1771,1219.3143,-5.3435,5723.0769,6369.2308,-8.6289,-4.2002,N/A,-30580.081,5885,1121.7055,642.7999,7.9694,3177,2708,-10.0908,504.2581,617.4475,N/A,1.0224,0.7252,214.661,2.3001,1.0248,419.034,4.49,2.7733
hPvWhhc21aS2mAMjaT3p,2/13/2024,16:27:40,MSQ13,, ,Countermovement Jump,,,917.571,0.3014,227.4598,-0.1431,16433.9623,-18742.5926,2682,292.2935,1677.5943,182.8299,2653,289.1329,2397.539,261.2919,3355,365.6393,0.206,44.206,0.106,22.7468,0.154,33.0472,0.488,0.466,79.6825,229.2251,547.476,308.9075,2.8767,-0.5898,-0.8614,1.644,2.4318,2.5752,-868.591,-9.2863,-1057.1609,-11.3024,3311.4474,35.4036,60.9233,5698.4152,-1.7716,1303,1350,-0.9993,830.4151,847.1792,-2.4143,1637,1718,-6.9257,1115.7468,1281.7922,1.1481,8311.3208,8122.6415,-1.9996,-12.9231,530,-26503.4793,5329,1337.7415,580.7725,-16.4196,2227,3102,6.777,714.2,623.5415,12.6794,1.0472,0.6468,176.945,1.8918,0.8519,370.531,3.9614,2.4507
Fj6kHiMfm7TZXw53CE47,2/6/2024,16:33:37,MSQ13,, ,Countermovement Jump,,,915.897,0.3938,259.5143,-0.2388,6934.1317,-8711.1525,2080,227.0998,1514.9701,165.4083,2075,226.5539,2143.4575,234.0282,2576,281.2543,0.227,37.4587,0.167,27.5578,0.212,34.9835,0.558,0.606,99.4622,261.2643,707.8515,360.7265,2.6268,-0.7254,-1.0745,1.6223,2.7796,2.8722,-987.1247,-10.5729,-1244.2565,-13.327,3193.0734,34.2004,61.7066,5761.1535,-2.9398,1007,1068,-7.63,699.6886,815.2814,-1.3199,1271,1305,-1.0165,1060.8349,1082.6226,4.1451,3610.7784,3323.3533,-14.2258,-2.0057,700,-16603.4857,5702,1279.5229,622.5591,-2.8411,2770,2932,-7.6991,590.5057,689.0171,-14.3131,0.9208,0.6498,252.417,2.7036,1.0653,455.4345,4.8781,2.7984
c1NnULCcfx6L5BDLlt2w,2/6/2024,16:33:14,MSQ13,, ,Countermovement Jump,,,917.49,0.3707,252.2303,-0.2267,6541.1765,-8999.2409,2040,222.3457,1404.2118,153.0493,2030,221.2558,2127.4545,231.8777,2637,287.4146,0.262,40.8736,0.17,26.5211,0.209,32.6053,0.542,0.641,82.1837,253.8816,683.794,336.0653,3.0892,-0.6284,-0.8869,1.6085,2.6969,2.8033,-792.879,-8.4776,-1024.3819,-10.9529,3108.956,33.2416,59.655,5579.2899,-3.6453,978,1052,-6.757,654.6647,749.5471,-0.1896,1316,1321,-1.017,1052.9091,1074.5455,6.6547,3488.2353,3052.9412,-12.7152,-2.0121,700,-18417.4295,4092,1266.5857,445.9994,19.5503,2446,1646,4.3451,660.81,605.7757,8.3401,0.8456,0.5783,238.157,2.5464,0.8787,445.637,4.7648,2.7146
J0nJKQVC7Fv0kJBoaSvj,2/6/2024,16:33:07,MSQ13,, ,Countermovement Jump,,,919.216,0.3578,248.2578,-0.2296,7205.8824,-9330.5099,2142,233.0247,1438.5353,156.4959,2142,233.0247,2119.6087,230.5888,2629,286.0046,0.269,41.6409,0.17,26.3158,0.207,32.0433,0.533,0.646,87.6668,249.5383,683.7495,337.2051,2.8464,-0.6571,-0.9397,1.6264,2.6494,2.7796,-847.4387,-9.044,-1052.0772,-11.2279,3089.6072,32.9727,58.9427,5523.0451,-4.2951,1025,1117,-8.285,659.6765,778.8588,-3.7657,1265,1364,-5.2341,1004.3333,1115.2754,5.1429,3788.2353,3417.6471,-15.36,-9.9379,570,-21658.6422,3969,1344.2912,431.781,-33.1822,1326,2643,-16.7549,559.5281,784.7632,-28.6896,0.8251,0.5538,243.9335,2.6033,0.9356,439.816,4.6938,2.6631
GzQQzc1HZCtWswheh1pq,2/13/2024,16:28:21,MSQ11,, ,Countermovement Jump,,,783.087,0.3185,199.552,-0.1786,10838.9831,-11559.545,2064,263.5722,1424.7458,181.9397,2064,263.5722,1938.2023,247.5079,2508,320.2709,0.295,50.3413,0.118,20.1365,0.173,29.5222,0.497,0.586,75.0712,200.8459,503.7955,275.9172,2.6754,-0.6358,-0.9473,1.5763,2.4999,2.5975,-801.3873,-10.0393,-1042.4912,-13.0596,2681.6358,33.5938,55.8507,4458.306,2.7132,1060,1004,-2.1651,696.9492,727.7966,-3.5885,1209,1299,-3.9495,930.8266,1007.3757,3.6747,5618.6441,5220.339,-4.2802,-7.5538,N/A,-63247.9943,4344,951.8035,554.7276,3.5912,2250,2094,3.4551,492.3447,459.4588,N/A,0.8481,0.5435,167.4755,2.098,0.9404,336.32,4.2132,2.5161
FvwXFNVSMJqzLNO7QcJa,2/13/2024,16:28:15,MSQ11,, ,Countermovement Jump,,,784.365,0.3263,202.3075,-0.1972,9960,-10287.149,2029,258.6806,1443.52,184.0368,2029,258.6806,1914.2737,244.0539,2429,309.6773,0.325,51.6693,0.125,19.8728,0.179,28.4579,0.502,0.629,81.7649,203.2452,523.457,285.01,2.4857,-0.6727,-1.0251,1.5883,2.5302,2.6256,-863.6585,-10.8017,-1147.9776,-14.3577,2681.0164,33.5313,55.7855,4460.3656,0.4436,1019,1010,8.2387,781.224,662.296,-4.8991,1155,1274,-5.2616,906.7765,1007.4972,-13.0924,4328,5632,15.3498,-9.9616,N/A,-73100.559,4059,945.3255,517.4887,-2.0941,1987,2072,-6.0481,444.0755,501.25,N/A,0.7981,0.5188,179.8105,2.2489,1.0226,343.6465,4.298,2.542
NMlNzs940dOcDNSJ2euz,2/13/2024,16:28:09,MSQ11,, ,Countermovement Jump,,,782.747,0.3145,198.209,-0.198,10440,-10530.1453,2085,266.3696,1419.224,181.3132,2085,266.3696,1902.9379,243.1102,2384,304.5684,0.275,47.6603,0.125,21.6638,0.177,30.6759,0.493,0.577,78.9036,199.2933,514.5865,278.1969,2.5258,-0.6661,-0.9932,1.559,2.4841,2.5765,-836.1573,-10.4794,-1084.8564,-13.5963,2616.4993,32.792,54.2774,4330.8315,-6.7626,972,1113,-2.0377,695.152,724.072,-5.5369,1126,1258,-4.454,909.0904,993.8475,-16.1686,4376,6064,-3.8923,-8.5456,N/A,-57107.0021,4497,954.7254,574.5151,12.9197,2539,1958,9.3457,521.9754,432.75,N/A,0.8544,0.5451,176.747,2.2151,0.9889,337.8395,4.2341,2.4977
RFABpVpWrjFfuDPQwnVS,2/13/2024,16:28:51,MSQ4,, ,Countermovement Jump,,,863.407,0.2584,198.1592,-0.1277,28285.7143,-23844.7864,3045,352.6726,1927.1299,223.2006,3045,352.6726,2178.404,252.3033,3183,368.6558,0.275,54.672,0.077,15.3082,0.151,30.0199,0.471,0.503,80.8057,200.072,477.7345,280.8777,2.476,-0.6286,-0.9304,1.5856,2.2515,2.3888,-1037.5002,-11.788,-1338.8152,-15.2116,2852.6263,32.4114,52.0609,4582.037,-7.9146,1402,1643,-19.9334,771.4935,1155.6364,-7.8228,1467,1716,-3.0793,1055.6623,1122.7417,7.1625,15155.8442,13129.8701,-33.5174,-6.031,680,-27920.9378,6116,1170.3132,708.3565,-3.826,2941,3175,17.6578,688.4824,481.8309,30.0057,0.9364,0.5137,147.288,1.6735,0.9181,330.4465,3.7545,2.2732
9nFAr0KJ5QCJawuUqxBM,2/13/2024,16:28:43,MSQ4,, ,Countermovement Jump,,,862.213,0.2775,205.0921,-0.1324,28078.9474,-22552.2434,2986,346.3181,1924.3553,223.1879,2986,346.3181,2191.0779,254.1226,3150,365.339,0.294,56.1069,0.076,14.5038,0.154,29.3893,0.488,0.524,79.6438,206.1227,484.0755,285.7665,2.5881,-0.6104,-0.9086,1.6254,2.3335,2.4682,-1003.5616,-11.4182,-1339.7827,-15.2436,2961.652,33.6968,54.7167,4809.1147,-5.7602,1407,1579,-8.1593,883.6711,1040.6842,-4.5079,1504,1646,-2.5096,1068.0455,1123.0325,-1.1246,13881.5789,14197.3684,-15.177,-4.924,N/A,-25923.7776,5611,1031.9852,650.7673,-17.5904,2312,3299,-4.119,494.7391,537.2461,N/A,0.9313,0.5296,145.172,1.6517,0.9062,338.9035,3.8559,2.3452
etJEjM5gKgFc3gIxKGCG,2/13/2024,16:28:35,MSQ4,, ,Countermovement Jump,,,862.727,0.2503,194.8896,-0.1282,25876.5432,-23221.3945,2977,345.0686,1867.8148,216.5013,2954,342.4026,2183.0946,253.0458,3152,365.3531,0.284,55.3606,0.081,15.7895,0.148,28.8499,0.464,0.513,80.3516,196.8779,474.794,277.2295,2.4502,-0.6276,-0.9269,1.5474,2.2161,2.3421,-1007.8201,-11.4598,-1304.4016,-14.8322,2800.36,31.8427,50.8589,4472.7133,-4.4685,1411,1543,-13.5942,806.9506,1060.8642,-5.0127,1497,1655,-1.9567,1070.1892,1112.9054,9.1603,14123.4568,11753.0864,-24.1815,-3.8684,N/A,-29301.5784,5092,1066.4141,590.2215,-10.2514,2285,2807,-12.6794,465.5996,600.8145,N/A,0.9045,0.4879,150.2325,1.7083,0.9137,324.5615,3.6906,2.2387
xKZdfmegT7UCEmGpglzF,2/6/2024,16:34:15,MSQ4,, ,Countermovement Jump,,,858.05,0.2361,188.2583,-0.1514,18440.8602,-16979.5358,2570,299.5163,1670.3226,194.6649,2570,299.5163,1979.1131,230.6524,2752,320.7272,0.352,57.4225,0.093,15.1713,0.168,27.4062,0.451,0.613,74.6779,189.6106,488.2395,264.2885,2.539,-0.5898,-0.8598,1.507,2.1523,2.3134,-853.7082,-9.7604,-1116.6394,-12.7664,2504.3738,28.6323,47.2101,4129.3165,-1.7121,1263,1307,-7.1469,775.4731,894.8495,-3.7064,1325,1427,0.0274,989.8274,989.2857,7.9883,9956.9892,8483.871,-13.486,0.0353,N/A,-1.2385,4299,697.6347,501.0198,-9.3278,1949,2350,-56.6373,151.2565,546.3782,N/A,0.7357,0.3852,154.4765,1.7661,0.8538,333.763,3.8159,2.1678
V5ZWNBHTBSVyWD6FkhOE,2/6/2024,16:34:08,MSQ4,, ,Countermovement Jump,,,859.25,0.2629,198.9285,-0.1496,24250,-19501.8839,2917,339.4821,1895.2976,220.5758,2907,338.3183,2094.2037,243.7246,2960,344.4865,0.253,50.7014,0.084,16.8337,0.162,32.4649,0.477,0.499,85.9985,201.503,498.877,287.5015,2.3431,-0.6837,-1.0017,1.5808,2.2712,2.4218,-1110.642,-12.6801,-1442.1528,-16.465,2758.5889,31.4946,50.9004,4458.3233,-5.332,1376,1531,-13.2012,822.5476,1072.75,-6.7568,1380,1580,-1.6138,1030.2037,1064,10.7511,13428.5714,10821.4286,-23.5663,-3.2123,670,-23867.6926,4813,1169.9985,560.1397,-9.786,2171,2642,-14.2862,501.4254,668.5731,-25.0251,0.9559,0.5269,158.1755,1.8059,0.9818,340.7015,3.8898,2.3005
b83nGiGvBWzxFKjuH0CM,2/6/2024,16:34:02,MSQ4,, ,Countermovement Jump,,,858.675,0.2576,196.7885,-0.1408,21964.7059,-19375.602,2728,317.6988,1820.7647,212.0435,2728,317.6988,2063.1104,240.2667,2889,336.4486,0.27,52.1236,0.085,16.4093,0.163,31.4672,0.471,0.518,80.8346,197.6745,491.4605,278.5091,2.4454,-0.6139,-0.9241,1.5673,2.2482,2.3995,-966.8648,-11.046,-1286.2283,-14.6946,2708.7121,30.9459,50.1353,4388.3747,-0.9531,1351,1377,-5.2434,862.6471,958.1176,-3.2191,1398,1491,0.1103,1032.6933,1030.4172,10.0161,12082.3529,9882.3529,-10.1315,0.2062,570,-24883.4031,4823,1228.3895,561.6793,-15.5712,2036,2787,-29.6429,432.1298,796.2596,-45.7171,0.9093,0.4973,153.822,1.7574,0.9235,337.6385,3.8574,2.2583
pP8eLR7FXKcCKqkvMjuU,2/13/2024,16:29:24,MSQ5,, ,Countermovement Jump,,,718.013,0.4016,205.4569,-0.3275,8868.6131,-5886.2372,1928,268.5188,1423.7299,198.2875,1928,268.5188,1561.4385,217.4666,1932,269.0759,0.338,47.0097,0.137,19.0542,0.244,33.936,0.567,0.719,96.0707,206.7373,576.371,302.808,2.1519,-0.8507,-1.3208,1.697,2.8071,2.889,-1076.8553,-14.7128,-1468.2373,-20.0601,2404.3636,32.8501,54.9218,4019.8362,-6.5353,901,1027,-8.0887,654.2847,769.4453,-6.5217,903,1029,-4.3164,747.0205,814.418,-4.3621,4240.8759,4627.7372,-14.9879,-8.2687,640,-32869.0104,5715,1035.1875,795.9466,-6.4567,2673,3042,-13.3916,448.2797,586.9078,-23.6136,0.7886,0.5586,194.4385,2.6566,1.3126,381.9325,5.2182,2.8246
kXTWTnWasdWHD7tpB6b0,2/13/2024,16:29:17,MSQ5,, ,Countermovement Jump,,,718.709,0.3783,199.5938,-0.2714,10247.8632,-7086.1118,1923,267.5631,1552.094,215.9558,1920,267.1457,1630.0545,226.8031,1928,268.2588,0.258,43.3613,0.117,19.6639,0.22,36.9748,0.547,0.595,96.9005,201.4305,540.536,298.3311,2.0787,-0.8356,-1.3384,1.636,2.7244,2.8051,-1161.4258,-15.8529,-1692.4564,-23.1011,2415.961,32.9766,55.8284,4090.1477,-6.3542,899,1021,-4.9743,737.4444,814.6496,-7.4689,892,1036,-7.007,757.9182,872.1364,-4.754,4880.3419,5367.5214,-9.4777,-13.0818,390,-35536.3387,5098,1222.859,709.3274,-0.1569,2545,2553,2.6481,627.6205,595.2385,5.1571,0.9193,0.6358,180.9895,2.4704,1.3226,359.5465,4.9076,2.7494
KRKSkmKfOnpVKiHr8Btx,2/13/2024,16:29:09,MSQ5,, ,Countermovement Jump,,,718.698,0.3833,200.9062,-0.2934,10213.6752,-6502.8853,1908,265.4801,1622.265,225.7228,1968,273.8285,1606.6211,223.5461,1908,265.4801,0.303,46.8315,0.117,18.0835,0.227,35.085,0.554,0.647,105.1113,202.4981,554.8415,307.6094,1.9265,-0.891,-1.4471,1.6375,2.7423,2.8241,-1295.9138,-17.6888,-1938.1952,-26.4558,2394.7092,32.687,55.9117,4096.1931,-2.3374,961,1007,-4.385,775.5641,846.7009,-1.3627,941,967,-0.7598,797.207,809.4141,7.2803,5478.6325,4735.0427,-8.4681,-1.5137,N/A,-31044.3345,5327,922.168,741.2015,10.4186,2941,2386,0.7209,464.4078,457.7602,N/A,0.8563,0.5924,189.199,2.5825,1.4347,365.6425,4.9909,2.764
vwOJYA1pCodZDqApwN2b,2/6/2024,16:34:49,MSQ5,, ,Countermovement Jump,,,727.278,0.4135,211.1699,-0.3297,7311.2583,-5568.4732,1836,252.4482,1371.1192,188.5275,1834,252.1732,1544.2664,212.3351,1853,254.7857,0.345,45.6954,0.151,20,0.259,34.3046,0.556,0.755,96.664,212.494,607.342,309.158,2.1983,-0.8345,-1.3124,1.6978,2.8484,2.9336,-1029.7072,-13.8894,-1443.7693,-19.4745,2399.9032,32.3715,55.6166,4123.2166,-10.9051,817,1017,-11.2824,608.2119,762.9073,-10.1997,832,1021,-8.0925,709.6486,834.6178,-6.1594,3430.4636,3880.7947,-20.2996,-14.9752,670,570502.5456,4087,1034.7179,561.9584,-17.5434,1685,2402,-18.1815,423.2955,611.4224,-30.7794,0.7364,0.5477,206.483,2.7852,1.3039,400.859,5.407,2.8663
nlKAZ9iV8C7nyQKzvz4c,2/6/2024,16:34:43,MSQ5,, ,Countermovement Jump,,,731.168,0.3309,189.9148,-0.2387,9188.4058,-8371.6201,1998,273.2614,1255.1522,171.664,1998,273.2614,1670.1188,228.4179,2042,279.2792,0.247,42.0784,0.138,23.5094,0.202,34.4123,0.512,0.587,71.6743,190.6541,510.9255,262.3284,2.66,-0.7088,-0.962,1.5873,2.5481,2.6426,-768.1268,-10.3059,-1028.3003,-13.7966,2363.0058,31.7042,52.3021,3898.2315,-10.8108,891,1107,-15.5504,529.9855,725.1667,-7.2478,947,1095,-5.8981,785.8069,884.3119,-16.877,3818.8406,5369.5652,-26.9061,-11.1586,620,-44056.4942,4626,1033.4581,632.6863,9.2088,2526,2100,-6.8705,481.2274,552.2306,-12.8614,0.8722,0.5637,172.5755,2.3154,0.9616,338.35,4.5396,2.558
4DXiIlntdhW3c5fZG3gp,2/6/2024,16:34:37,MSQ5,, ,Countermovement Jump,,,732.567,0.3555,197.2106,-0.287,7728.5714,-6341.5617,1820,248.4414,1367.9786,186.7377,1820,248.4414,1582.8707,216.0718,1856,253.3557,0.342,47.8992,0.14,19.6078,0.232,32.493,0.535,0.714,88.4106,198.161,559.0865,286.5716,2.2414,-0.7635,-1.1873,1.5935,2.6409,2.7398,-935.3046,-12.5249,-1243.1813,-16.6478,2293.7963,30.7168,54.1475,4043.4918,-9.5604,823,997,-7.603,631.9857,735.9929,-6.4655,868,988,-5.2202,750.1207,832.75,-9.7967,3485.7143,4242.8571,-14.1203,-9.9328,570,-9693.7342,3001,1073.5632,409.6554,20.893,1814,1187,-4.6363,511.8947,561.6684,-8.8512,0.7493,0.4979,190.97,2.5573,1.1839,368.1165,4.9295,2.6536
h9DSNfG4wMF44jOSHaG2,2/13/2024,16:30:01,MSQ10,, ,Countermovement Jump,,,658.971,0.365,179.762,-0.2029,6862.3188,-7969.247,1617,245.3826,1121.9928,170.2644,1606,243.7133,1624.107,246.4611,1991,302.1377,0.312,48.9796,0.138,21.6641,0.187,29.3564,0.543,0.637,63.4195,181.2664,458.8515,244.6859,2.8582,-0.6364,-0.9572,1.6318,2.6761,2.7954,-642.3227,-9.5622,-826.0523,-12.2973,2366.1353,35.2243,65.7944,4419.633,-1.2453,793,813,3.0103,577.8841,544.1087,-0.8538,987,1004,-4.9245,772.0642,852.0428,-16.3675,2869.5652,3992.7536,5.9568,-9.3594,N/A,-24220.2959,3774,839.745,572.7111,-10.1219,1696,2078,1.6878,426.9593,412.7857,N/A,0.8524,0.573,154.3575,2.2979,0.9441,304.494,4.533,2.6985
SyDVabiRV35Ed37ZhnJL,2/13/2024,16:29:55,MSQ10,, ,Countermovement Jump,,,658.965,0.3451,174.7802,-0.1877,6344.5946,-8515.181,1598,242.5015,1044.3108,158.4774,1598,242.5015,1624.4254,246.5116,2100,318.6816,0.302,47.8605,0.148,23.4548,0.181,28.6846,0.534,0.631,56.5597,175.5348,448.894,232.0945,3.1035,-0.6161,-0.8438,1.6308,2.6019,2.7496,-567.5354,-8.4489,-732.1594,-10.8996,2335.4908,34.7684,66.0518,4436.8838,-3.0038,775,823,0.9382,527.0541,517.2568,2.8571,1080,1020,-2.058,795.4972,828.9282,-13.738,2736.4865,3608.1081,1.9505,-4.0345,950,-22993.0269,4447,847.4947,674.8462,11.0412,2469,1978,7.0467,453.6074,393.8874,13.1593,0.8463,0.5469,154.0865,2.2939,0.842,294.8075,4.3888,2.6132
0bpJyBpboQbgP2pqDyjW,2/13/2024,16:29:49,MSQ10,, ,Countermovement Jump,,,659.562,0.3211,168.7519,-0.1805,7833.3333,-8864.3519,1600,242.5852,1144.3167,173.4965,1600,242.5852,1603.6592,243.14,2091,317.0286,0.264,46.8917,0.12,21.3144,0.179,31.794,0.507,0.563,57.6991,169.7784,424.6865,227.4775,2.9425,-0.5908,-0.864,1.5725,2.5099,2.6493,-598.8435,-8.9069,-787.1662,-11.7079,2224.7712,33.0902,62.4819,4200.8823,-1.625,787,813,-3.0149,554.9083,589.4083,2.0564,1067,1024,-2.2389,783.8771,819.7821,-8.2979,3591.6667,4241.6667,-5.8144,-4.3668,N/A,-41111.779,4678,902.2968,709.2586,2.1804,2390,2288,0.6593,454.1228,448.174,N/A,0.9005,0.5703,136.8465,2.0354,0.8582,287.84,4.2812,2.5252
0fz5Uph00TfdcCoY17RM,2/6/2024,16:35:17,MSQ10,, ,Countermovement Jump,,,666.711,0.3355,174.3658,-0.1547,10669.5652,-12385.3333,1916,287.3809,1188.0435,178.1947,1895,284.2311,1809.4183,271.3947,2403,360.426,0.321,54.4992,0.115,19.5246,0.153,25.9762,0.519,0.589,59.3362,175.7667,413.7815,235.103,2.9622,-0.6052,-0.8843,1.6601,2.5656,2.6815,-634.5217,-9.3364,-800.1065,-11.7728,2574.2001,37.8768,66.8308,4541.9775,-0.7916,940,955,-0.1559,593.0957,594.9478,1.0404,1214,1189,-3.5771,872.3464,937.0719,-8.5575,4878.2609,5791.3043,-0.2365,-6.8798,910,-26154.2305,4177,856.8637,626.5083,-0.79,2072,2105,-13.9838,368.5209,488.3429,-24.5521,0.8812,0.5696,136.008,2.0012,0.8731,277.7735,4.0872,2.5862
Ts8HmjoiaGklFjnCEy03,2/6/2024,16:35:11,MSQ10,, ,Countermovement Jump,,,667.303,0.3396,175.5964,-0.1673,12298.0769,-11749.5505,1966,294.6188,1274.5096,190.9941,1950,292.2211,1783.1329,267.2149,2304,345.2704,0.291,52.6221,0.104,18.8065,0.158,28.5714,0.526,0.553,62.5055,177.2601,414.599,239.7656,2.8359,-0.6286,-0.9339,1.6603,2.5814,2.6979,-704.7366,-10.3603,-914.6013,-13.4455,2547.7014,37.4537,66.6541,4533.9932,-3.1795,944,1006,-0.0596,636.875,637.6346,1.2153,1166,1138,-3.0252,864.5949,918.538,-17.7482,5057.6923,7240.3846,0.0515,-5.8634,N/A,-23735.7745,3920,792.5217,587.4393,3.0612,2020,1900,10.9613,439.6961,352.8256,N/A,0.9512,0.6142,131.905,1.9391,0.9189,282.694,4.1559,2.6059
V1e7XXh0GXCVrxbmMZg2,2/6/2024,16:35:04,MSQ10,, ,Countermovement Jump,,,667.119,0.3149,169.0424,-0.1501,10973.4513,-12721.2962,1909,286.1558,1184.3805,177.5366,1909,286.1558,1779.4539,266.7371,2400,359.7559,0.32,54.7009,0.113,19.3162,0.152,25.9829,0.504,0.585,57.8271,170.0149,404.6285,227.842,2.9401,-0.5869,-0.8552,1.6313,2.4858,2.6171,-611.5795,-8.9933,-761.4293,-11.1968,2475.8206,36.407,65.2466,4437.028,-0.3667,951,958,5.1952,622.9558,561.4248,0.1667,1202,1198,-4.5449,849.2895,930.1645,-14.5161,4690.2655,6283.1858,10.0425,-8.6585,N/A,-32753.4436,3720,778.996,557.6217,2.043,1898,1822,-0.7683,386.5053,392.4907,N/A,0.8615,0.5384,133.2115,1.9589,0.8503,271.417,3.9912,2.5001
